part,min_x_mm,min_y_mm,min_z_mm,max_x_mm,max_y_mm,max_z_mm,bodies,material
AUV-201-DOME,-52.328082,0.000000,-52.328082,52.328082,49.302000,52.328082,1,""
AUV-202-DOME-RETAINING-RING,-59.180000,0.000000,-57.245000,59.180000,6.500000,57.245000,1,""
AUV-301-TUBE-ACRYLIC,-300.000000,-57.150000,-57.150000,0.000000,57.150000,57.150000,1,""
AUV-302-TUBE-ALUMINUM,-300.000000,-56.000000,-56.000000,0.000000,56.000000,56.000000,1,""
AUV-303-FLANGE,-57.150000,-57.150000,0.000000,57.150000,63.457737,27.556200,6,""
AUV-304-AFT-END-CAP,-60.150000,-57.150000,-4.000000,60.150000,57.150000,6.000000,1,""
AUV-305-BAR02,-8.000000,-295.600000,-8.000000,8.000000,12.000000,8.000000,13,""
AUV-501-T200,-67.400000,-48.275983,-49.000000,46.017942,48.275983,48.303550,21,""
AUV-203-CAMERA-VENDOR,0.000000,-6.000000,-32.000000,32.000000,23.350000,0.000000,2,""
AUV-306-ESC-VENDOR,-17.100000,-7.787424,-3.927051,0.000000,43.500000,3.350000,24,""
